{
  "dimensions": [
    94,
    128,
    158,
    253
  ],
  "variances": [
    430.4942321777344,
    313.0241394042969,
    295.94464111328125,
    254.8230438232422
  ],
  "all_variances": [
    36.85436248779297,
    59.86896896362305,
    42.25650405883789,
    49.10266876220703,
    30.28705406188965,
    39.29326248168945,
    37.99598693847656,
    37.109371185302734,
    34.13508987426758,
    47.775169372558594,
    71.12455749511719,
    36.87004470825195,
    128.9268341064453,
    32.27937698364258,
    56.60380172729492,
    211.56048583984375,
    84.5551528930664,
    43.44789123535156,
    41.328094482421875,
    54.366249084472656,
    46.715946197509766,
    72.39934539794922,
    46.55980682373047,
    43.1209716796875,
    99.65013122558594,
    45.84090805053711,
    38.748046875,
    38.69649124145508,
    95.02350616455078,
    47.6942253112793,
    35.28207015991211,
    52.683956146240234,
    41.59709167480469,
    49.00233459472656,
    40.91343307495117,
    43.63410186767578,
    45.186275482177734,
    43.742942810058594,
    35.038604736328125,
    40.26078796386719,
    43.1834716796875,
    39.6088752746582,
    25.222572326660156,
    40.733551025390625,
    32.9019889831543,
    37.37868881225586,
    40.863101959228516,
    54.00510025024414,
    41.51860046386719,
    41.880836486816406,
    48.76219177246094,
    84.56623077392578,
    37.400550842285156,
    36.10227584838867,
    33.6215705871582,
    33.14958190917969,
    50.24396896362305,
    25.820220947265625,
    35.886207580566406,
    48.6761589050293,
    41.65773010253906,
    51.614952087402344,
    63.683677673339844,
    155.8768310546875,
    35.05546951293945,
    34.16301345825195,
    35.9275016784668,
    26.601627349853516,
    58.78270721435547,
    48.96441650390625,
    129.71275329589844,
    37.11958312988281,
    36.14629364013672,
    56.66716003417969,
    32.64244079589844,
    60.23533630371094,
    73.8497543334961,
    44.052093505859375,
    56.69785690307617,
    38.87767028808594,
    36.00227737426758,
    45.701656341552734,
    50.72752380371094,
    120.5608901977539,
    46.86036682128906,
    39.63760757446289,
    33.68938446044922,
    33.12816619873047,
    29.896148681640625,
    37.55194854736328,
    35.18089294433594,
    35.07916259765625,
    43.671409606933594,
    49.899635314941406,
    430.4942321777344,
    67.72740173339844,
    51.418460845947266,
    56.50692367553711,
    35.1855354309082,
    34.53609085083008,
    43.68413162231445,
    37.33750534057617,
    50.98891830444336,
    41.62502670288086,
    69.87947845458984,
    43.76564025878906,
    37.19465637207031,
    37.09788131713867,
    56.03562545776367,
    79.33308410644531,
    37.56669998168945,
    28.82379150390625,
    31.000425338745117,
    247.15199279785156,
    33.79130172729492,
    35.05318069458008,
    87.91253662109375,
    42.88947677612305,
    42.88688278198242,
    25.573381423950195,
    26.41751480102539,
    68.79244995117188,
    60.23743438720703,
    32.42961120605469,
    32.766578674316406,
    43.623619079589844,
    40.9371223449707,
    30.134624481201172,
    313.0241394042969,
    56.27525329589844,
    46.56109619140625,
    97.0851058959961,
    26.944135665893555,
    33.30544662475586,
    43.04852294921875,
    50.03929138183594,
    36.023353576660156,
    74.74193572998047,
    36.08296203613281,
    32.96431350708008,
    45.29798126220703,
    34.979026794433594,
    32.440128326416016,
    46.779441833496094,
    46.97477340698242,
    73.85958862304688,
    68.7568130493164,
    32.86697006225586,
    32.972930908203125,
    27.619749069213867,
    44.560115814208984,
    93.22886657714844,
    82.39039611816406,
    73.6022720336914,
    43.64110565185547,
    49.18919372558594,
    197.10877990722656,
    43.338653564453125,
    295.94464111328125,
    51.3701171875,
    33.74547576904297,
    45.97868347167969,
    40.16292190551758,
    33.3900260925293,
    47.49268341064453,
    246.0042724609375,
    32.05375289916992,
    30.14211654663086,
    39.76259231567383,
    38.27347946166992,
    146.4531707763672,
    35.3853645324707,
    120.43340301513672,
    54.9958610534668,
    37.99262237548828,
    38.000240325927734,
    38.89349365234375,
    41.46961212158203,
    71.4462661743164,
    39.705204010009766,
    51.59635543823242,
    34.8796501159668,
    37.27846908569336,
    38.025848388671875,
    43.115901947021484,
    27.12453269958496,
    27.525985717773438,
    30.100341796875,
    82.51480102539062,
    80.5457534790039,
    39.742618560791016,
    39.31438446044922,
    32.664608001708984,
    31.490154266357422,
    46.85089874267578,
    38.83303451538086,
    35.040611267089844,
    128.3120880126953,
    68.88863372802734,
    36.869205474853516,
    77.9039306640625,
    30.86508560180664,
    50.141292572021484,
    45.82955551147461,
    47.60805892944336,
    52.1825065612793,
    60.68428421020508,
    89.07099914550781,
    68.97676086425781,
    50.464962005615234,
    36.19195556640625,
    41.69881057739258,
    31.908828735351562,
    57.688541412353516,
    97.2774429321289,
    33.673885345458984,
    37.26537322998047,
    70.13285827636719,
    42.140663146972656,
    37.81832504272461,
    70.50959014892578,
    82.50784301757812,
    38.23051071166992,
    116.18653869628906,
    41.09251403808594,
    178.1376953125,
    44.086402893066406,
    43.64706802368164,
    57.3742790222168,
    32.5497932434082,
    64.47840118408203,
    33.67012023925781,
    34.61391067504883,
    59.636695861816406,
    54.09933853149414,
    31.605424880981445,
    35.444671630859375,
    52.12747573852539,
    55.57933044433594,
    44.31486129760742,
    77.28553771972656,
    30.247262954711914,
    184.86624145507812,
    57.930824279785156,
    55.68263244628906,
    36.1934814453125,
    38.409114837646484,
    34.916236877441406,
    68.83535766601562,
    41.21369171142578,
    36.51414489746094,
    42.121402740478516,
    36.99427795410156,
    254.8230438232422,
    45.58139419555664,
    80.21240234375
  ]
}