{
  "experiment_1_attribute_correlation": {
    "description": "Dimensions found via attribute correlation",
    "dimensions": {
      "Smiling": {
        "dim": 216,
        "correlation": 0.24459557583788444
      },
      "Eyeglasses": {
        "dim": 105,
        "correlation": -0.16986991749996788
      },
      "Male": {
        "dim": 103,
        "correlation": 0.29293618582822234
      },
      "Young": {
        "dim": 127,
        "correlation": 0.191665012410723
      }
    }
  },
  "experiment_2_alpha_range": {
    "description": "Comparison of [-3,3] vs [-5,5] alpha ranges",
    "tested_dimensions": [
      94,
      128,
      158,
      253
    ],
    "ranges": {
      "narrow": [
        -3,
        3
      ],
      "wide": [
        -5,
        5
      ]
    }
  },
  "experiment_3_dimension_explorer": {
    "description": "Top-20 dimensions explored for manual selection",
    "dimensions_explored": [
      94,
      128,
      158,
      253,
      113,
      165,
      15,
      156,
      242,
      225,
      63,
      170,
      83,
      12,
      197,
      223,
      70,
      172,
      24,
      131
    ],
    "variances": [
      413.368408203125,
      293.4606628417969,
      272.7286682128906,
      239.07077026367188,
      230.3746795654297,
      229.67144775390625,
      212.34503173828125,
      186.00827026367188,
      178.89939880371094,
      170.99169921875,
      146.84996032714844,
      139.93724060058594,
      130.78802490234375,
      126.15272521972656,
      120.57459259033203,
      119.51548767089844,
      115.61182403564453,
      110.67903137207031,
      98.90951538085938,
      97.18826293945312
    ]
  },
  "recommendations": [
    "1. Compare exp1 (attribute-correlated) vs exp3 (variance-based) dimensions",
    "2. Check if wider alpha range (exp2) reveals clearer effects",
    "3. Use selection_template.md to document your final 4 dimension choices",
    "4. Cherry-pick the dimensions with clearest semantic effects"
  ]
}