{
  "target_attributes": [
    "Smiling",
    "Eyeglasses",
    "Male",
    "Young"
  ],
  "results": {
    "Smiling": {
      "best_dim": 216,
      "best_corr": 0.24459557583788444,
      "top_5_dims": [
        216,
        110,
        150,
        104,
        9
      ],
      "top_5_corrs": [
        0.24459557583788444,
        0.23821828533259679,
        0.21493819463007854,
        0.21261562632064243,
        0.20399885444404317
      ]
    },
    "Eyeglasses": {
      "best_dim": 105,
      "best_corr": -0.16986991749996788,
      "top_5_dims": [
        105,
        84,
        127,
        13,
        251
      ],
      "top_5_corrs": [
        -0.16986991749996788,
        0.1612836879280376,
        -0.16091522065959504,
        0.14155084142815477,
        -0.13723767955651034
      ]
    },
    "Male": {
      "best_dim": 103,
      "best_corr": 0.29293618582822234,
      "top_5_dims": [
        103,
        88,
        139,
        252,
        251
      ],
      "top_5_corrs": [
        0.29293618582822234,
        0.28720292460322966,
        -0.25263319344499613,
        -0.22661027715308024,
        -0.22097508104087094
      ]
    },
    "Young": {
      "best_dim": 127,
      "best_corr": 0.191665012410723,
      "top_5_dims": [
        127,
        144,
        155,
        97,
        210
      ],
      "top_5_corrs": [
        0.191665012410723,
        -0.18153828704440442,
        -0.16371988030740928,
        0.1551091204244763,
        -0.15374888890013438
      ]
    }
  },
  "full_correlation_matrix_shape": [
    256,
    40
  ],
  "n_samples_used": 5000
}