{
  "avg_nll": 11321.098515304078,
  "avg_kl": 14050.52630310089,
  "norm_nll": 0.9213133557376366,
  "norm_kl": 54.884868371487855,
  "harmonic_mean": 1.8122064865758356,
  "bpd": 2.9788026399551133,
  "total_samples": 19962,
  "num_pixels": 12288,
  "latent_dim": 256
}