{
  "avg_nll": 11321.09877204188,
  "avg_kl": 14050.52630310089,
  "norm_nll": 0.9213133766310123,
  "norm_kl": 54.884868371487855,
  "harmonic_mean": 1.8122065269942473,
  "bpd": 2.978802670097891,
  "total_samples": 19962,
  "num_pixels": 12288,
  "latent_dim": 256
}